Brand,Model_Name
HONDA,HONDA รุ่น ADV160
HONDA,HONDA รุ่น ADV350
HONDA,HONDA รุ่น C125
HONDA,HONDA รุ่น C125 CUSTOM GREEN PASTEL EDITION
HONDA,HONDA รุ่น CB150R
HONDA,HONDA รุ่น CB150R (ล้อแม็ก ดิสก์เบรก ABS)
HONDA,HONDA รุ่น CB300R
HONDA,HONDA รุ่น CB500X
HONDA,HONDA รุ่น CBR 150RAL
HONDA,HONDA รุ่น CBR150R
HONDA,HONDA รุ่น CBR250RR
HONDA,HONDA รุ่น CBR500R
HONDA,HONDA รุ่น CBR650R
HONDA,HONDA รุ่น CBR650R (E-CLUTCH)
HONDA,HONDA รุ่น CL300
HONDA,HONDA รุ่น CL500
HONDA,HONDA รุ่น CLICK 160
HONDA,HONDA รุ่น CLICK125
HONDA,HONDA รุ่น CRF300L
HONDA,HONDA รุ่น CRF300RALLY
HONDA,HONDA รุ่น CRF450RL
HONDA,HONDA รุ่น CT 125
HONDA,HONDA รุ่น CT125
HONDA,HONDA รุ่น CT125 TOGETHER TOURING SET
HONDA,HONDA รุ่น DAX 1978 LIMITED
HONDA,HONDA รุ่น DAX125
HONDA,HONDA รุ่น DAX125 STANDARD
HONDA,HONDA รุ่น DAX125 STANDERD
HONDA,HONDA รุ่น FORZA350
HONDA,HONDA รุ่น GIORNO
HONDA,HONDA รุ่น LEAD125
HONDA,HONDA รุ่น MONKEY
HONDA,HONDA รุ่น MONKEY CHERRY EDITION
HONDA,HONDA รุ่น MONKEY CUSTOM IMMORTAL B(L)ACK
HONDA,HONDA รุ่น MONKEY LIMITED CHROME LEGACY EDITION
HONDA,HONDA รุ่น MONKEY Z125R MINI TRAIL EDITION
HONDA,HONDA รุ่น MSX GROM
HONDA,HONDA รุ่น NX500
HONDA,HONDA รุ่น PCX 150
HONDA,HONDA รุ่น PCX 160
HONDA,HONDA รุ่น REBEL
HONDA,HONDA รุ่น REBEL 300
HONDA,HONDA รุ่น REBEL300
HONDA,HONDA รุ่น REBEL500
HONDA,HONDA รุ่น REBEL500 BOBBER SUPREME
HONDA,HONDA รุ่น REBEL500 BOBBER SUPREME EDITION
HONDA,HONDA รุ่น SCOOPY CLUB 12
HONDA,HONDA รุ่น SCOOPY CLUB 12 TH1 HELLO KITTY
HONDA,HONDA รุ่น SCOOPY MINIONS LIMITED EDITION
HONDA,HONDA รุ่น SCOOPY PRESTIGE
HONDA,HONDA รุ่น SCOOPY URBAN
HONDA,HONDA รุ่น SUPER CUB
HONDA,HONDA รุ่น WAVE 110i
HONDA,HONDA รุ่น WAVE110I
HONDA,HONDA รุ่น WAVE125i
HONDA,HONDA รุ่น X-ADV
HONDA,HONDA รุ่น ZOOMER-X
ROYAL ENFIELD,ROYAL ENFIELD รุ่น BULLET 350
ROYAL ENFIELD,ROYAL ENFIELD รุ่น CLASSIC 350
ROYAL ENFIELD,ROYAL ENFIELD รุ่น HIMALAYAN
ROYAL ENFIELD,ROYAL ENFIELD รุ่น HUNTER 350
ROYAL ENFIELD,ROYAL ENFIELD รุ่น INTERCEPTOR 650
ROYAL ENFIELD,ROYAL ENFIELD รุ่น METEOR
ROYAL ENFIELD,ROYAL ENFIELD รุ่น SUPER METEOR
SUZUKI,SUZUKI รุ่น AVENIS
SUZUKI,SUZUKI รุ่น BURGMAN STREET EX
SUZUKI,SUZUKI รุ่น GSX-R150
SUZUKI,SUZUKI รุ่น NEX CROSSOVER
SUZUKI,SUZUKI รุ่น RAIDER
SUZUKI,SUZUKI รุ่น SMASH
SUZUKI,SUZUKI รุ่น SMASH Fi
SUZUKI,SUZUKI รุ่น V-STROM1050DE
VESPA,VESPA รุ่น GTS 150 IGET ABS
VESPA,VESPA รุ่น GTS 150 IGET ABS-CA
VESPA,VESPA รุ่น GTS 300 CLASSIC HPE
VESPA,VESPA รุ่น GTS 300 SUPERTECH HPE
VESPA,VESPA รุ่น LX 125 IGET
VESPA,VESPA รุ่น LX 150
VESPA,VESPA รุ่น LX125
VESPA,VESPA รุ่น PRIMAVERA 150 IGET ABS S TR
VESPA,VESPA รุ่น PRIMAVERA 150 IGET ABS SE
VESPA,VESPA รุ่น S 125 IGET
VESPA,VESPA รุ่น S 150
VESPA,VESPA รุ่น S125 IGET
VESPA,VESPA รุ่น SPRINT 125 IGET ABS
VESPA,VESPA รุ่น SPRINT 150 IGET ABS
VESPA,VESPA รุ่น SPRINT 150 IGET ABS S
VESPA,VESPA รุ่น SPRINT 150 IGET ABS S MATT
VESPA,VESPA รุ่น SPRINT 150 IGET ABS TFT S MATT BLACK
VESPA,VESPA รุ่น SPRINT TECH 150
YAMAHA,YAMAHA รุ่น AEROX 155
YAMAHA,YAMAHA รุ่น AEROX 155 ABS VERSION
YAMAHA,YAMAHA รุ่น EXCITER
YAMAHA,YAMAHA รุ่น FAZZIO
YAMAHA,YAMAHA รุ่น FAZZIO FILA
YAMAHA,YAMAHA รุ่น FINN
YAMAHA,YAMAHA รุ่น GRAND FILANO HYBRID
YAMAHA,YAMAHA รุ่น GRAND FILANO HYBRID (ABS)
YAMAHA,YAMAHA รุ่น GT125
YAMAHA,YAMAHA รุ่น MT-07
YAMAHA,YAMAHA รุ่น MT-09 SP
YAMAHA,YAMAHA รุ่น MT-15
YAMAHA,YAMAHA รุ่น NMAX
YAMAHA,YAMAHA รุ่น PG-1
YAMAHA,YAMAHA รุ่น QBIX ABS
YAMAHA,YAMAHA รุ่น R7
YAMAHA,YAMAHA รุ่น TENERE700
YAMAHA,YAMAHA รุ่น TMAX TECH MAX
YAMAHA,YAMAHA รุ่น TRACER 9GT
YAMAHA,YAMAHA รุ่น WR155R
YAMAHA,YAMAHA รุ่น WR155R MONSTER
YAMAHA,YAMAHA รุ่น XMAX
YAMAHA,YAMAHA รุ่น XMAX SPORT HIGH TECH SET
YAMAHA,YAMAHA รุ่น XMAX TECH MAX
YAMAHA,YAMAHA รุ่น XSR155
YAMAHA,YAMAHA รุ่น YZF-R15
YAMAHA,YAMAHA รุ่น YZF-R15 M
YAMAHA,YAMAHA รุ่น YZF-R3
